{"cameraMode":{"drawMode":0,"name":"Shaded","section":"Shading Mode"},"sceneLighting":true,"audioPlay":false,"sceneViewState":{"m_AlwaysRefresh":false,"showFog":true,"showSkybox":true,"showFlares":true,"showImageEffects":true,"showParticleSystems":true,"showVisualEffectGraphs":true,"m_FxEnabled":false},"in2DMode":false,"pivot":{"x":17.793899536132814,"y":92.28582000732422,"z":20.88532257080078},"rotation":{"x":-0.07073736935853958,"y":-0.018854834139347078,"z":0.0013376895803958178,"w":-0.9973224997520447},"size":191.7436981201172,"orthographic":false}